Curse_ID	Name	Effect	Severity	Weight	Trigger	Applies_To	Requires_Attunement	Min_Rarity	Max_Rarity	Active	Source_Adaptation
curse:reddit-minor-inconveniences:001	Minor Accursed Inconvenience 001	All of your teeth fall out, and a tiny hand springs from your gums in each one's place. - If you cast a spell with verbal components, roll a d20. On a 5 or lower, the spell fails and is wasted.	unrated	1.0	as_written	all	false	Common	Legendary	true	https://www.reddit.com/r/DnD/comments/1cl7q7n/a_200strong_table_of_minor_accursed_inconveniences/
curse:reddit-minor-inconveniences:002	Minor Accursed Inconvenience 002	Your hair falls out and begins to rapidly regrow from your ears. - You suffer disadvantage on checks requiring hearing.	unrated	1.0	as_written	all	false	Common	Legendary	true	https://www.reddit.com/r/DnD/comments/1cl7q7n/a_200strong_table_of_minor_accursed_inconveniences/
curse:reddit-minor-inconveniences:003	Minor Accursed Inconvenience 003	You can no longer blink your eyes. - Disadvantage to vision checks.	unrated	1.0	as_written	all	false	Common	Legendary	true	https://www.reddit.com/r/DnD/comments/1cl7q7n/a_200strong_table_of_minor_accursed_inconveniences/
curse:reddit-minor-inconveniences:004	Minor Accursed Inconvenience 004	Your fingers become toes, and your toes become fingers. - Disadvantage on dexterity checks requiring fine motor control.	unrated	1.0	as_written	all	false	Common	Legendary	true	https://www.reddit.com/r/DnD/comments/1cl7q7n/a_200strong_table_of_minor_accursed_inconveniences/
curse:reddit-minor-inconveniences:005	Minor Accursed Inconvenience 005	You lay an egg, and are overwhelmed by the instinct to brood it. - If the egg hatches after 30 days, you gain a familiar. If it dies, you suffer disadvantage on charisma checks due to depression until the curse is removed.	unrated	1.0	as_written	all	false	Common	Legendary	true	https://www.reddit.com/r/DnD/comments/1cl7q7n/a_200strong_table_of_minor_accursed_inconveniences/
curse:reddit-minor-inconveniences:006	Minor Accursed Inconvenience 006	You can only speak in the scat style of song. - You are incomprehensible and cannot cast spells with verbal components.	unrated	1.0	as_written	all	false	Common	Legendary	true	https://www.reddit.com/r/DnD/comments/1cl7q7n/a_200strong_table_of_minor_accursed_inconveniences/
curse:reddit-minor-inconveniences:007	Minor Accursed Inconvenience 007	You laugh uproariously at anything sad or distressing. - Disadvantage on charisma checks in upsetting situations.	unrated	1.0	as_written	all	false	Common	Legendary	true	https://www.reddit.com/r/DnD/comments/1cl7q7n/a_200strong_table_of_minor_accursed_inconveniences/
curse:reddit-minor-inconveniences:008	Minor Accursed Inconvenience 008	You may only ingest things that are yellow. Any other color makes you violently ill. - Food and potions must be carefully considered. Water must be made yellow.	unrated	1.0	as_written	all	false	Common	Legendary	true	https://www.reddit.com/r/DnD/comments/1cl7q7n/a_200strong_table_of_minor_accursed_inconveniences/
curse:reddit-minor-inconveniences:009	Minor Accursed Inconvenience 009	Each time you laugh in real life, your character takes 1d4 damage.	unrated	1.0	as_written	all	false	Common	Legendary	true	https://www.reddit.com/r/DnD/comments/1cl7q7n/a_200strong_table_of_minor_accursed_inconveniences/
curse:reddit-minor-inconveniences:010	Minor Accursed Inconvenience 010	You believe yourself to be a spy working for the enemy, and are very bad at it.	unrated	1.0	as_written	all	false	Common	Legendary	true	https://www.reddit.com/r/DnD/comments/1cl7q7n/a_200strong_table_of_minor_accursed_inconveniences/
curse:reddit-minor-inconveniences:011	Minor Accursed Inconvenience 011	All livestock that see you want to be near you, and do their best to get as close to you as possible.	unrated	1.0	as_written	all	false	Common	Legendary	true	https://www.reddit.com/r/DnD/comments/1cl7q7n/a_200strong_table_of_minor_accursed_inconveniences/
curse:reddit-minor-inconveniences:012	Minor Accursed Inconvenience 012	You crave humanoid bones, and can only be satisfied by eating them.	unrated	1.0	as_written	all	false	Common	Legendary	true	https://www.reddit.com/r/DnD/comments/1cl7q7n/a_200strong_table_of_minor_accursed_inconveniences/
curse:reddit-minor-inconveniences:013	Minor Accursed Inconvenience 013	You cannot turn right. - Disadvantage on dexterity saving throws.	unrated	1.0	as_written	all	false	Common	Legendary	true	https://www.reddit.com/r/DnD/comments/1cl7q7n/a_200strong_table_of_minor_accursed_inconveniences/
curse:reddit-minor-inconveniences:014	Minor Accursed Inconvenience 014	"You must loudly shout, ""SURPRISE!"" when walking through doorways."	unrated	1.0	as_written	all	false	Common	Legendary	true	https://www.reddit.com/r/DnD/comments/1cl7q7n/a_200strong_table_of_minor_accursed_inconveniences/
curse:reddit-minor-inconveniences:015	Minor Accursed Inconvenience 015	You become a pacifist. You can no longer intentionally attempt to deal lethal damage.	unrated	1.0	as_written	all	false	Common	Legendary	true	https://www.reddit.com/r/DnD/comments/1cl7q7n/a_200strong_table_of_minor_accursed_inconveniences/
curse:reddit-minor-inconveniences:016	Minor Accursed Inconvenience 016	Every time you have an even remotely romantic feeling, you become intensely nauseous. - DC 15 CON save or vomit, still look sick on success.	unrated	1.0	as_written	all	false	Common	Legendary	true	https://www.reddit.com/r/DnD/comments/1cl7q7n/a_200strong_table_of_minor_accursed_inconveniences/
curse:reddit-minor-inconveniences:017	Minor Accursed Inconvenience 017	You become intensely magnetic.	unrated	1.0	as_written	all	false	Common	Legendary	true	https://www.reddit.com/r/DnD/comments/1cl7q7n/a_200strong_table_of_minor_accursed_inconveniences/
curse:reddit-minor-inconveniences:018	Minor Accursed Inconvenience 018	You become incredibly beautiful, and must look in any mirror you encounter for at least one minute. - Advantage on seduction-based charisma checks.	unrated	1.0	as_written	all	false	Common	Legendary	true	https://www.reddit.com/r/DnD/comments/1cl7q7n/a_200strong_table_of_minor_accursed_inconveniences/
curse:reddit-minor-inconveniences:019	Minor Accursed Inconvenience 019	Every time you harm someone, even intentionally, you must apologize profusely.	unrated	1.0	as_written	all	false	Common	Legendary	true	https://www.reddit.com/r/DnD/comments/1cl7q7n/a_200strong_table_of_minor_accursed_inconveniences/
curse:reddit-minor-inconveniences:020	Minor Accursed Inconvenience 020	You cannot tell the difference between copper and gold.	unrated	1.0	as_written	all	false	Common	Legendary	true	https://www.reddit.com/r/DnD/comments/1cl7q7n/a_200strong_table_of_minor_accursed_inconveniences/
curse:reddit-minor-inconveniences:021	Minor Accursed Inconvenience 021	You may only speak in questions.	unrated	1.0	as_written	all	false	Common	Legendary	true	https://www.reddit.com/r/DnD/comments/1cl7q7n/a_200strong_table_of_minor_accursed_inconveniences/
curse:reddit-minor-inconveniences:022	Minor Accursed Inconvenience 022	You learn one random useless fact every morning, and can't stop thinking about it until you've told someone. - Automatic failure on concentration checks before disclosing fact.	unrated	1.0	as_written	all	false	Common	Legendary	true	https://www.reddit.com/r/DnD/comments/1cl7q7n/a_200strong_table_of_minor_accursed_inconveniences/
curse:reddit-minor-inconveniences:023	Minor Accursed Inconvenience 023	Your joints pop loudly whenever you move.	unrated	1.0	as_written	all	false	Common	Legendary	true	https://www.reddit.com/r/DnD/comments/1cl7q7n/a_200strong_table_of_minor_accursed_inconveniences/
curse:reddit-minor-inconveniences:024	Minor Accursed Inconvenience 024	Moths are fascinated by you.	unrated	1.0	as_written	all	false	Common	Legendary	true	https://www.reddit.com/r/DnD/comments/1cl7q7n/a_200strong_table_of_minor_accursed_inconveniences/
curse:reddit-minor-inconveniences:025	Minor Accursed Inconvenience 025	Your dreams are visible for others as small illusions above your head.	unrated	1.0	as_written	all	false	Common	Legendary	true	https://www.reddit.com/r/DnD/comments/1cl7q7n/a_200strong_table_of_minor_accursed_inconveniences/
curse:reddit-minor-inconveniences:026	Minor Accursed Inconvenience 026	"Whenever anyone doubts you for any reason, you must answer with, ""But I know magic!"" - Disadvantage on deception checks."	unrated	1.0	as_written	all	false	Common	Legendary	true	https://www.reddit.com/r/DnD/comments/1cl7q7n/a_200strong_table_of_minor_accursed_inconveniences/
curse:reddit-minor-inconveniences:027	Minor Accursed Inconvenience 027	Whenever you hear someone utter a number under 100, you must count up to 100 from that number.	unrated	1.0	as_written	all	false	Common	Legendary	true	https://www.reddit.com/r/DnD/comments/1cl7q7n/a_200strong_table_of_minor_accursed_inconveniences/
curse:reddit-minor-inconveniences:028	Minor Accursed Inconvenience 028	When you walk through a door you forget what you were doing.	unrated	1.0	as_written	all	false	Common	Legendary	true	https://www.reddit.com/r/DnD/comments/1cl7q7n/a_200strong_table_of_minor_accursed_inconveniences/
curse:reddit-minor-inconveniences:029	Minor Accursed Inconvenience 029	Anything you drink takes on the consistency of yogurt. - DC 10 CON save each day to consume drink.	unrated	1.0	as_written	all	false	Common	Legendary	true	https://www.reddit.com/r/DnD/comments/1cl7q7n/a_200strong_table_of_minor_accursed_inconveniences/
curse:reddit-minor-inconveniences:030	Minor Accursed Inconvenience 030	All of your intentional movements are reversed--for example, attempting to move your right hand instead moves your left hand. - You automatically fail all dexterity checks and saves.	unrated	1.0	as_written	all	false	Common	Legendary	true	https://www.reddit.com/r/DnD/comments/1cl7q7n/a_200strong_table_of_minor_accursed_inconveniences/
curse:reddit-minor-inconveniences:031	Minor Accursed Inconvenience 031	You fall hopelessly in love with the next person you see, and actively pursue a long term relationship with them.	unrated	1.0	as_written	all	false	Common	Legendary	true	https://www.reddit.com/r/DnD/comments/1cl7q7n/a_200strong_table_of_minor_accursed_inconveniences/
curse:reddit-minor-inconveniences:032	Minor Accursed Inconvenience 032	You are now unfailingly polite and servile.	unrated	1.0	as_written	all	false	Common	Legendary	true	https://www.reddit.com/r/DnD/comments/1cl7q7n/a_200strong_table_of_minor_accursed_inconveniences/
curse:reddit-minor-inconveniences:033	Minor Accursed Inconvenience 033	You smell strongly of barbeque. - Disadvantage on stealth checks.	unrated	1.0	as_written	all	false	Common	Legendary	true	https://www.reddit.com/r/DnD/comments/1cl7q7n/a_200strong_table_of_minor_accursed_inconveniences/
curse:reddit-minor-inconveniences:034	Minor Accursed Inconvenience 034	You forget how to properly put on your armor, and it has a chance to simply fall off. - When hit by an attack, roll a d20. On a 1, your armor falls off.	unrated	1.0	as_written	all	false	Common	Legendary	true	https://www.reddit.com/r/DnD/comments/1cl7q7n/a_200strong_table_of_minor_accursed_inconveniences/
curse:reddit-minor-inconveniences:035	Minor Accursed Inconvenience 035	Whenever you see someone new who is not hostile, you must introduce yourself and kiss them on both cheeks.	unrated	1.0	as_written	all	false	Common	Legendary	true	https://www.reddit.com/r/DnD/comments/1cl7q7n/a_200strong_table_of_minor_accursed_inconveniences/
curse:reddit-minor-inconveniences:036	Minor Accursed Inconvenience 036	You become terrified of the sun. - Disadvantage on all checks, saves, and attack rolls when in direct sunlight.	unrated	1.0	as_written	all	false	Common	Legendary	true	https://www.reddit.com/r/DnD/comments/1cl7q7n/a_200strong_table_of_minor_accursed_inconveniences/
curse:reddit-minor-inconveniences:037	Minor Accursed Inconvenience 037	You can feel your parasitic twin attempting to assert control over your body at the worst times. - Enemies have advantage on attacks against you.	unrated	1.0	as_written	all	false	Common	Legendary	true	https://www.reddit.com/r/DnD/comments/1cl7q7n/a_200strong_table_of_minor_accursed_inconveniences/
curse:reddit-minor-inconveniences:038	Minor Accursed Inconvenience 038	You have the hiccups. Forever. - Disadvantage on concentration checks.	unrated	1.0	as_written	all	false	Common	Legendary	true	https://www.reddit.com/r/DnD/comments/1cl7q7n/a_200strong_table_of_minor_accursed_inconveniences/
curse:reddit-minor-inconveniences:039	Minor Accursed Inconvenience 039	You must shed your skin like a snake every day. - The time required for your long rest is extended by 2 hours.	unrated	1.0	as_written	all	false	Common	Legendary	true	https://www.reddit.com/r/DnD/comments/1cl7q7n/a_200strong_table_of_minor_accursed_inconveniences/
curse:reddit-minor-inconveniences:040	Minor Accursed Inconvenience 040	If you have a suggestion, you must whisper it conspiratorially to only one person and pretend you said nothing when anyone else asks.	unrated	1.0	as_written	all	false	Common	Legendary	true	https://www.reddit.com/r/DnD/comments/1cl7q7n/a_200strong_table_of_minor_accursed_inconveniences/
curse:reddit-minor-inconveniences:041	Minor Accursed Inconvenience 041	You believe you’re invisible. You're not.	unrated	1.0	as_written	all	false	Common	Legendary	true	https://www.reddit.com/r/DnD/comments/1cl7q7n/a_200strong_table_of_minor_accursed_inconveniences/
curse:reddit-minor-inconveniences:042	Minor Accursed Inconvenience 042	Every day you get bitten by a mosquito in a difficult-to-scratch place. - Disadvantage to charisma checks due to constant itching.	unrated	1.0	as_written	all	false	Common	Legendary	true	https://www.reddit.com/r/DnD/comments/1cl7q7n/a_200strong_table_of_minor_accursed_inconveniences/
curse:reddit-minor-inconveniences:043	Minor Accursed Inconvenience 043	All undead look like beautiful, pleading men and women to you.	unrated	1.0	as_written	all	false	Common	Legendary	true	https://www.reddit.com/r/DnD/comments/1cl7q7n/a_200strong_table_of_minor_accursed_inconveniences/
curse:reddit-minor-inconveniences:044	Minor Accursed Inconvenience 044	Random belongings from nearby people will occasionally fall out of your clothing in front of them.	unrated	1.0	as_written	all	false	Common	Legendary	true	https://www.reddit.com/r/DnD/comments/1cl7q7n/a_200strong_table_of_minor_accursed_inconveniences/
curse:reddit-minor-inconveniences:045	Minor Accursed Inconvenience 045	You think you can talk to animals. None of them seem to like you.	unrated	1.0	as_written	all	false	Common	Legendary	true	https://www.reddit.com/r/DnD/comments/1cl7q7n/a_200strong_table_of_minor_accursed_inconveniences/
curse:reddit-minor-inconveniences:046	Minor Accursed Inconvenience 046	You can only speak in lies, and you love telling lies. - You cannot cast a spell with verbal components.	unrated	1.0	as_written	all	false	Common	Legendary	true	https://www.reddit.com/r/DnD/comments/1cl7q7n/a_200strong_table_of_minor_accursed_inconveniences/
curse:reddit-minor-inconveniences:047	Minor Accursed Inconvenience 047	Whenever you score a critical hit, you must spend your bonus action and movement (if available) doing a victory dance.	unrated	1.0	as_written	all	false	Common	Legendary	true	https://www.reddit.com/r/DnD/comments/1cl7q7n/a_200strong_table_of_minor_accursed_inconveniences/
curse:reddit-minor-inconveniences:048	Minor Accursed Inconvenience 048	You are easily addicted to things. You deny that this is the case. - Automatically fail addiction checks.	unrated	1.0	as_written	all	false	Common	Legendary	true	https://www.reddit.com/r/DnD/comments/1cl7q7n/a_200strong_table_of_minor_accursed_inconveniences/
curse:reddit-minor-inconveniences:049	Minor Accursed Inconvenience 049	Your shadow mocks you.	unrated	1.0	as_written	all	false	Common	Legendary	true	https://www.reddit.com/r/DnD/comments/1cl7q7n/a_200strong_table_of_minor_accursed_inconveniences/
curse:reddit-minor-inconveniences:050	Minor Accursed Inconvenience 050	You feel the constant need to speak in a gravelly voice (like Batman). - Disadvantage on charisma checks.	unrated	1.0	as_written	all	false	Common	Legendary	true	https://www.reddit.com/r/DnD/comments/1cl7q7n/a_200strong_table_of_minor_accursed_inconveniences/
curse:reddit-minor-inconveniences:051	Minor Accursed Inconvenience 051	You cannot abide the sight of the opposite sex, and must avert your eyes in disgust. - You are blind with respect to humanoids of the opposite sex, and suffer disadvantage on attacks against them.	unrated	1.0	as_written	all	false	Common	Legendary	true	https://www.reddit.com/r/DnD/comments/1cl7q7n/a_200strong_table_of_minor_accursed_inconveniences/
curse:reddit-minor-inconveniences:052	Minor Accursed Inconvenience 052	All speech in Common sounds like terrified screaming to you.	unrated	1.0	as_written	all	false	Common	Legendary	true	https://www.reddit.com/r/DnD/comments/1cl7q7n/a_200strong_table_of_minor_accursed_inconveniences/
curse:reddit-minor-inconveniences:053	Minor Accursed Inconvenience 053	You are committed to forming a committed relationship with a troll, and must try to guide the group toward that objective.	unrated	1.0	as_written	all	false	Common	Legendary	true	https://www.reddit.com/r/DnD/comments/1cl7q7n/a_200strong_table_of_minor_accursed_inconveniences/
curse:reddit-minor-inconveniences:054	Minor Accursed Inconvenience 054	Your hair becomes a tangled mass of non-venomous, mostly-harmless snakes. They are not friendly to you.	unrated	1.0	as_written	all	false	Common	Legendary	true	https://www.reddit.com/r/DnD/comments/1cl7q7n/a_200strong_table_of_minor_accursed_inconveniences/
curse:reddit-minor-inconveniences:055	Minor Accursed Inconvenience 055	You believe yourself to be a were-halfling. You are not.	unrated	1.0	as_written	all	false	Common	Legendary	true	https://www.reddit.com/r/DnD/comments/1cl7q7n/a_200strong_table_of_minor_accursed_inconveniences/
curse:reddit-minor-inconveniences:056	Minor Accursed Inconvenience 056	You believe yourself to be an actor, and this campaign is an elaborate play. The audience is invisible and all around you.	unrated	1.0	as_written	all	false	Common	Legendary	true	https://www.reddit.com/r/DnD/comments/1cl7q7n/a_200strong_table_of_minor_accursed_inconveniences/
curse:reddit-minor-inconveniences:057	Minor Accursed Inconvenience 057	Nobody can remember your name, but that doesn't stop them from trying and getting it wrong.	unrated	1.0	as_written	all	false	Common	Legendary	true	https://www.reddit.com/r/DnD/comments/1cl7q7n/a_200strong_table_of_minor_accursed_inconveniences/
curse:reddit-minor-inconveniences:058	Minor Accursed Inconvenience 058	All beasts of CR 1/4 and lower are frightened of you, even your pets and livestock.	unrated	1.0	as_written	all	false	Common	Legendary	true	https://www.reddit.com/r/DnD/comments/1cl7q7n/a_200strong_table_of_minor_accursed_inconveniences/
curse:reddit-minor-inconveniences:059	Minor Accursed Inconvenience 059	You are immune to the effects of potions and poisons.	unrated	1.0	as_written	all	false	Common	Legendary	true	https://www.reddit.com/r/DnD/comments/1cl7q7n/a_200strong_table_of_minor_accursed_inconveniences/
curse:reddit-minor-inconveniences:060	Minor Accursed Inconvenience 060	You compulsively narrate your every action in a whisper.	unrated	1.0	as_written	all	false	Common	Legendary	true	https://www.reddit.com/r/DnD/comments/1cl7q7n/a_200strong_table_of_minor_accursed_inconveniences/
curse:reddit-minor-inconveniences:061	Minor Accursed Inconvenience 061	You compulsively sing, whistle, or hum a theme song that changes from situation to situation.	unrated	1.0	as_written	all	false	Common	Legendary	true	https://www.reddit.com/r/DnD/comments/1cl7q7n/a_200strong_table_of_minor_accursed_inconveniences/
curse:reddit-minor-inconveniences:062	Minor Accursed Inconvenience 062	"You must now speak in the style of Randy ""Macho Man"" Savage."	unrated	1.0	as_written	all	false	Common	Legendary	true	https://www.reddit.com/r/DnD/comments/1cl7q7n/a_200strong_table_of_minor_accursed_inconveniences/
curse:reddit-minor-inconveniences:063	Minor Accursed Inconvenience 063	"Every time you hear the word ""magic,"" you react as if struck by the Vicious Mockery cantrip at lowest level."	unrated	1.0	as_written	all	false	Common	Legendary	true	https://www.reddit.com/r/DnD/comments/1cl7q7n/a_200strong_table_of_minor_accursed_inconveniences/
curse:reddit-minor-inconveniences:064	Minor Accursed Inconvenience 064	You become breathtakingly ugly (doesn't impact CHA). Every mirror you pass shatters loudly.	unrated	1.0	as_written	all	false	Common	Legendary	true	https://www.reddit.com/r/DnD/comments/1cl7q7n/a_200strong_table_of_minor_accursed_inconveniences/
curse:reddit-minor-inconveniences:065	Minor Accursed Inconvenience 065	You glow in the dark (dim light, 10 ft radius). You make up a different reason why whenever you’re asked.	unrated	1.0	as_written	all	false	Common	Legendary	true	https://www.reddit.com/r/DnD/comments/1cl7q7n/a_200strong_table_of_minor_accursed_inconveniences/
curse:reddit-minor-inconveniences:066	Minor Accursed Inconvenience 066	If viewed by someone using True Sight, you appear to be a mindflayer to them.	unrated	1.0	as_written	all	false	Common	Legendary	true	https://www.reddit.com/r/DnD/comments/1cl7q7n/a_200strong_table_of_minor_accursed_inconveniences/
curse:reddit-minor-inconveniences:067	Minor Accursed Inconvenience 067	You cannot eat food. Instead, each day, you must make someone cry in order to remain sated.	unrated	1.0	as_written	all	false	Common	Legendary	true	https://www.reddit.com/r/DnD/comments/1cl7q7n/a_200strong_table_of_minor_accursed_inconveniences/
curse:reddit-minor-inconveniences:068	Minor Accursed Inconvenience 068	Lightning is attracted to you, but it's shy.	unrated	1.0	as_written	all	false	Common	Legendary	true	https://www.reddit.com/r/DnD/comments/1cl7q7n/a_200strong_table_of_minor_accursed_inconveniences/
curse:reddit-minor-inconveniences:069	Minor Accursed Inconvenience 069	When crafting something, roll a d20. On a 10 or lower, you accidentally drop the item over and over when attempting to craft it.	unrated	1.0	as_written	all	false	Common	Legendary	true	https://www.reddit.com/r/DnD/comments/1cl7q7n/a_200strong_table_of_minor_accursed_inconveniences/
curse:reddit-minor-inconveniences:070	Minor Accursed Inconvenience 070	The slightest amount of intoxicant of any kind has its full effect on you (such as a thimble of beer causing drunkenness).	unrated	1.0	as_written	all	false	Common	Legendary	true	https://www.reddit.com/r/DnD/comments/1cl7q7n/a_200strong_table_of_minor_accursed_inconveniences/
curse:reddit-minor-inconveniences:071	Minor Accursed Inconvenience 071	"You believe yourself to be visibly pregnant. Anyone that you complain about this to must say ""Congratulations!"""	unrated	1.0	as_written	all	false	Common	Legendary	true	https://www.reddit.com/r/DnD/comments/1cl7q7n/a_200strong_table_of_minor_accursed_inconveniences/
curse:reddit-minor-inconveniences:072	Minor Accursed Inconvenience 072	Your blood turns into coins as it leaves your body. Each hitpoint lost results in one silver coin falling from the wound.	unrated	1.0	as_written	all	false	Common	Legendary	true	https://www.reddit.com/r/DnD/comments/1cl7q7n/a_200strong_table_of_minor_accursed_inconveniences/
curse:reddit-minor-inconveniences:073	Minor Accursed Inconvenience 073	You must spend your first turn of combat in earnest attempting to have a dance-off against your enemy.	unrated	1.0	as_written	all	false	Common	Legendary	true	https://www.reddit.com/r/DnD/comments/1cl7q7n/a_200strong_table_of_minor_accursed_inconveniences/
curse:reddit-minor-inconveniences:074	Minor Accursed Inconvenience 074	You grow a set of vestigial gills. They are not functional. You believe they ARE functional.	unrated	1.0	as_written	all	false	Common	Legendary	true	https://www.reddit.com/r/DnD/comments/1cl7q7n/a_200strong_table_of_minor_accursed_inconveniences/
curse:reddit-minor-inconveniences:075	Minor Accursed Inconvenience 075	Your main weapon, whatever it is, begins to speak with you. It criticizes your form each time you miss an attack.	unrated	1.0	as_written	all	false	Common	Legendary	true	https://www.reddit.com/r/DnD/comments/1cl7q7n/a_200strong_table_of_minor_accursed_inconveniences/
curse:reddit-minor-inconveniences:076	Minor Accursed Inconvenience 076	You must speak like a black-hat cowboy. - Advantage to intimidation checks.	unrated	1.0	as_written	all	false	Common	Legendary	true	https://www.reddit.com/r/DnD/comments/1cl7q7n/a_200strong_table_of_minor_accursed_inconveniences/
curse:reddit-minor-inconveniences:077	Minor Accursed Inconvenience 077	All birdsong stops within 1 mile of you. Birds watch you constantly.	unrated	1.0	as_written	all	false	Common	Legendary	true	https://www.reddit.com/r/DnD/comments/1cl7q7n/a_200strong_table_of_minor_accursed_inconveniences/
curse:reddit-minor-inconveniences:078	Minor Accursed Inconvenience 078	Your sense of touch is extremely sensitive. - Advantage to sleight of hand, disadvantage to concentration checks when taking damage.	unrated	1.0	as_written	all	false	Common	Legendary	true	https://www.reddit.com/r/DnD/comments/1cl7q7n/a_200strong_table_of_minor_accursed_inconveniences/
curse:reddit-minor-inconveniences:079	Minor Accursed Inconvenience 079	You must attempt to make innuendos, or insinuate them where they do not exist. - Disadvantage to persuasion checks against decent people.	unrated	1.0	as_written	all	false	Common	Legendary	true	https://www.reddit.com/r/DnD/comments/1cl7q7n/a_200strong_table_of_minor_accursed_inconveniences/
curse:reddit-minor-inconveniences:080	Minor Accursed Inconvenience 080	A talkative flea lives in your nose. Only you can hear it.	unrated	1.0	as_written	all	false	Common	Legendary	true	https://www.reddit.com/r/DnD/comments/1cl7q7n/a_200strong_table_of_minor_accursed_inconveniences/
curse:reddit-minor-inconveniences:081	Minor Accursed Inconvenience 081	You become blurred, even to your own perception. You don't know which of the blurred images is you. - Enemies have disadvantage to attack you, you have disadvantage on dexterity saving throws and checks.	unrated	1.0	as_written	all	false	Common	Legendary	true	https://www.reddit.com/r/DnD/comments/1cl7q7n/a_200strong_table_of_minor_accursed_inconveniences/
curse:reddit-minor-inconveniences:082	Minor Accursed Inconvenience 082	You fart at inappropriate times. Whenever you are sneaking, you must roll an occasional d20 to hold the fart in. - The DC to hold this fart in is a CON save, and begins at 10, increasing by 1 each round until released.	unrated	1.0	as_written	all	false	Common	Legendary	true	https://www.reddit.com/r/DnD/comments/1cl7q7n/a_200strong_table_of_minor_accursed_inconveniences/
curse:reddit-minor-inconveniences:083	Minor Accursed Inconvenience 083	You are overwhelmed by kleptomania. You must attempt to steal something from your companions regularly.	unrated	1.0	as_written	all	false	Common	Legendary	true	https://www.reddit.com/r/DnD/comments/1cl7q7n/a_200strong_table_of_minor_accursed_inconveniences/
curse:reddit-minor-inconveniences:084	Minor Accursed Inconvenience 084	One of your companions slowly begins to find you irresistibly attractive.	unrated	1.0	as_written	all	false	Common	Legendary	true	https://www.reddit.com/r/DnD/comments/1cl7q7n/a_200strong_table_of_minor_accursed_inconveniences/
curse:reddit-minor-inconveniences:085	Minor Accursed Inconvenience 085	You grow a long, wizardly beard. Even if you shave it, it grows back within an hour.	unrated	1.0	as_written	all	false	Common	Legendary	true	https://www.reddit.com/r/DnD/comments/1cl7q7n/a_200strong_table_of_minor_accursed_inconveniences/
curse:reddit-minor-inconveniences:086	Minor Accursed Inconvenience 086	Your eyes and mouth change positions (mouths where your eyes were, an eye where your mouth was).	unrated	1.0	as_written	all	false	Common	Legendary	true	https://www.reddit.com/r/DnD/comments/1cl7q7n/a_200strong_table_of_minor_accursed_inconveniences/
curse:reddit-minor-inconveniences:087	Minor Accursed Inconvenience 087	You think if you just think a happy enough thought, you can fly. On a natural 20, you can (for one turn)!	unrated	1.0	as_written	all	false	Common	Legendary	true	https://www.reddit.com/r/DnD/comments/1cl7q7n/a_200strong_table_of_minor_accursed_inconveniences/
curse:reddit-minor-inconveniences:088	Minor Accursed Inconvenience 088	You have a crippling phobia of magic. This includes the Remove Curse spell that would cure you of this phobia.	unrated	1.0	as_written	all	false	Common	Legendary	true	https://www.reddit.com/r/DnD/comments/1cl7q7n/a_200strong_table_of_minor_accursed_inconveniences/
curse:reddit-minor-inconveniences:089	Minor Accursed Inconvenience 089	Male spiders everywhere begin trying to attract you as a mate. It's cute sometimes.	unrated	1.0	as_written	all	false	Common	Legendary	true	https://www.reddit.com/r/DnD/comments/1cl7q7n/a_200strong_table_of_minor_accursed_inconveniences/
curse:reddit-minor-inconveniences:090	Minor Accursed Inconvenience 090	You have to take ever-increasing risks to satisfy your escalating need for a thrill.	unrated	1.0	as_written	all	false	Common	Legendary	true	https://www.reddit.com/r/DnD/comments/1cl7q7n/a_200strong_table_of_minor_accursed_inconveniences/
curse:reddit-minor-inconveniences:091	Minor Accursed Inconvenience 091	You grow an extremely talkative mole on your nose. You should get that looked at. Hey, who you lookin' at?!	unrated	1.0	as_written	all	false	Common	Legendary	true	https://www.reddit.com/r/DnD/comments/1cl7q7n/a_200strong_table_of_minor_accursed_inconveniences/
curse:reddit-minor-inconveniences:092	Minor Accursed Inconvenience 092	You are compelled to challenge the occasional passerby to duels. This happens at random.	unrated	1.0	as_written	all	false	Common	Legendary	true	https://www.reddit.com/r/DnD/comments/1cl7q7n/a_200strong_table_of_minor_accursed_inconveniences/
curse:reddit-minor-inconveniences:093	Minor Accursed Inconvenience 093	You believe yourself to be actual royalty. Kneel, peasants!	unrated	1.0	as_written	all	false	Common	Legendary	true	https://www.reddit.com/r/DnD/comments/1cl7q7n/a_200strong_table_of_minor_accursed_inconveniences/
curse:reddit-minor-inconveniences:094	Minor Accursed Inconvenience 094	You cannot tell the difference between individual humanoids except temporarily, by taste.	unrated	1.0	as_written	all	false	Common	Legendary	true	https://www.reddit.com/r/DnD/comments/1cl7q7n/a_200strong_table_of_minor_accursed_inconveniences/
curse:reddit-minor-inconveniences:095	Minor Accursed Inconvenience 095	A tiny stormcloud floats two feet above you and drizzles on you constantly. Oddly, it's kind of soothing at night as long as you can block the rain.	unrated	1.0	as_written	all	false	Common	Legendary	true	https://www.reddit.com/r/DnD/comments/1cl7q7n/a_200strong_table_of_minor_accursed_inconveniences/
curse:reddit-minor-inconveniences:096	Minor Accursed Inconvenience 096	You have t-rex vision. You can only detect your enemies if they’ve moved that round or the round before. You also have advantage on attacks against lawyers.	unrated	1.0	as_written	all	false	Common	Legendary	true	https://www.reddit.com/r/DnD/comments/1cl7q7n/a_200strong_table_of_minor_accursed_inconveniences/
curse:reddit-minor-inconveniences:097	Minor Accursed Inconvenience 097	You believe you have the ability to see the future. It all seems so clear… (you don't, and it isn't).	unrated	1.0	as_written	all	false	Common	Legendary	true	https://www.reddit.com/r/DnD/comments/1cl7q7n/a_200strong_table_of_minor_accursed_inconveniences/
curse:reddit-minor-inconveniences:098	Minor Accursed Inconvenience 098	You develop the annoying habit of discussing a specific bit of cuisine any time there is a lull in conversation.	unrated	1.0	as_written	all	false	Common	Legendary	true	https://www.reddit.com/r/DnD/comments/1cl7q7n/a_200strong_table_of_minor_accursed_inconveniences/
curse:reddit-minor-inconveniences:099	Minor Accursed Inconvenience 099	You see your death in the future. All of your deaths. You are frightened of all enemies in combat until making a successful DC20 wisdom saving throw at the end of your turn, at which point you are immune to this effect for one hour.	unrated	1.0	as_written	all	false	Common	Legendary	true	https://www.reddit.com/r/DnD/comments/1cl7q7n/a_200strong_table_of_minor_accursed_inconveniences/
curse:reddit-minor-inconveniences:100	Minor Accursed Inconvenience 100	A contract falls into your lap. It promises one Wish in exchange for a child to be delivered to The Pale, courtesy of the Conclave of the Moon. There are numerous stipulations written in every conceivable language, but it seems pretty straightforward. You may immediately benefit from another Fey Curse and the advantage it conveys.	unrated	1.0	as_written	all	false	Common	Legendary	true	https://www.reddit.com/r/DnD/comments/1cl7q7n/a_200strong_table_of_minor_accursed_inconveniences/
curse:reddit-minor-inconveniences:101	Minor Accursed Inconvenience 101	Your nipples detach and begin to crawl all over your body like caterpillars. They can't be plucked off.	unrated	1.0	as_written	all	false	Common	Legendary	true	https://www.reddit.com/r/DnD/comments/1cl7q7n/a_200strong_table_of_minor_accursed_inconveniences/
curse:reddit-minor-inconveniences:102	Minor Accursed Inconvenience 102	You are terrified of the color blue.	unrated	1.0	as_written	all	false	Common	Legendary	true	https://www.reddit.com/r/DnD/comments/1cl7q7n/a_200strong_table_of_minor_accursed_inconveniences/
curse:reddit-minor-inconveniences:103	Minor Accursed Inconvenience 103	Your head turns into a donkey's head. You're capable of speech.	unrated	1.0	as_written	all	false	Common	Legendary	true	https://www.reddit.com/r/DnD/comments/1cl7q7n/a_200strong_table_of_minor_accursed_inconveniences/
curse:reddit-minor-inconveniences:104	Minor Accursed Inconvenience 104	A colony of gregarious spiders takes up residence on your face, imitating a beard. You can shake them loose whenever you like, but the colony always reappears on your face within half an hour, regardless of how many you kill or displace.	unrated	1.0	as_written	all	false	Common	Legendary	true	https://www.reddit.com/r/DnD/comments/1cl7q7n/a_200strong_table_of_minor_accursed_inconveniences/
curse:reddit-minor-inconveniences:105	Minor Accursed Inconvenience 105	Every time someone makes a joke, pun, or innuendo that you can hear, you suffer the effects of Tasha's Hideous Laughter. (DC15 to save afterward)	unrated	1.0	as_written	all	false	Common	Legendary	true	https://www.reddit.com/r/DnD/comments/1cl7q7n/a_200strong_table_of_minor_accursed_inconveniences/
curse:reddit-minor-inconveniences:106	Minor Accursed Inconvenience 106	Dandelions sprout wherever you walk as long as it's on dirt or grass.	unrated	1.0	as_written	all	false	Common	Legendary	true	https://www.reddit.com/r/DnD/comments/1cl7q7n/a_200strong_table_of_minor_accursed_inconveniences/
curse:reddit-minor-inconveniences:107	Minor Accursed Inconvenience 107	Your skin turns a violent shade of luminescent pink.	unrated	1.0	as_written	all	false	Common	Legendary	true	https://www.reddit.com/r/DnD/comments/1cl7q7n/a_200strong_table_of_minor_accursed_inconveniences/
curse:reddit-minor-inconveniences:108	Minor Accursed Inconvenience 108	"You hear the song ""Banana Phone"" playing over and over in your mind."	unrated	1.0	as_written	all	false	Common	Legendary	true	https://www.reddit.com/r/DnD/comments/1cl7q7n/a_200strong_table_of_minor_accursed_inconveniences/
curse:reddit-minor-inconveniences:109	Minor Accursed Inconvenience 109	You always feel a bit too cold.	unrated	1.0	as_written	all	false	Common	Legendary	true	https://www.reddit.com/r/DnD/comments/1cl7q7n/a_200strong_table_of_minor_accursed_inconveniences/
curse:reddit-minor-inconveniences:110	Minor Accursed Inconvenience 110	Whenever you tell a lie, you fart loudly. - Automatically fail deception checks that involve a lie.	unrated	1.0	as_written	all	false	Common	Legendary	true	https://www.reddit.com/r/DnD/comments/1cl7q7n/a_200strong_table_of_minor_accursed_inconveniences/
curse:reddit-minor-inconveniences:111	Minor Accursed Inconvenience 111	"You have drawn the attention of a miniature Genie who grants you whatever you wish for. While he generally means well, he plays a bit too loose with the creative license. Also, he gets angry if you try to stifle his creative freedom and make specific wishes (such as attempting to replicate a spell effect or a guaranteed standard outcome). He loves to try and grant wishes whenever you say, ""I wish…"" as well."	unrated	1.0	as_written	all	false	Common	Legendary	true	https://www.reddit.com/r/DnD/comments/1cl7q7n/a_200strong_table_of_minor_accursed_inconveniences/
curse:reddit-minor-inconveniences:112	Minor Accursed Inconvenience 112	Drinking alcohol makes you feel like you're invincible.	unrated	1.0	as_written	all	false	Common	Legendary	true	https://www.reddit.com/r/DnD/comments/1cl7q7n/a_200strong_table_of_minor_accursed_inconveniences/
curse:reddit-minor-inconveniences:113	Minor Accursed Inconvenience 113	"You must now eat and digest food ""in reverse."" You know what I mean."	unrated	1.0	as_written	all	false	Common	Legendary	true	https://www.reddit.com/r/DnD/comments/1cl7q7n/a_200strong_table_of_minor_accursed_inconveniences/
curse:reddit-minor-inconveniences:114	Minor Accursed Inconvenience 114	You moan loudly whenever you make physical contact with another creature.	unrated	1.0	as_written	all	false	Common	Legendary	true	https://www.reddit.com/r/DnD/comments/1cl7q7n/a_200strong_table_of_minor_accursed_inconveniences/
curse:reddit-minor-inconveniences:115	Minor Accursed Inconvenience 115	Your eyes glow in the dark, and their color reflects your mood (red for anger, blue for calm, green for fear, pink for love, etc.).	unrated	1.0	as_written	all	false	Common	Legendary	true	https://www.reddit.com/r/DnD/comments/1cl7q7n/a_200strong_table_of_minor_accursed_inconveniences/
curse:reddit-minor-inconveniences:116	Minor Accursed Inconvenience 116	Large, onomatopoeic words appear and float in the air whenever you do something that makes a noise, and last a few seconds.	unrated	1.0	as_written	all	false	Common	Legendary	true	https://www.reddit.com/r/DnD/comments/1cl7q7n/a_200strong_table_of_minor_accursed_inconveniences/
curse:reddit-minor-inconveniences:117	Minor Accursed Inconvenience 117	"You must end everything you say with, ""Myah, see? Myah!"""	unrated	1.0	as_written	all	false	Common	Legendary	true	https://www.reddit.com/r/DnD/comments/1cl7q7n/a_200strong_table_of_minor_accursed_inconveniences/
curse:reddit-minor-inconveniences:118	Minor Accursed Inconvenience 118	You must speak in pig latin.	unrated	1.0	as_written	all	false	Common	Legendary	true	https://www.reddit.com/r/DnD/comments/1cl7q7n/a_200strong_table_of_minor_accursed_inconveniences/
curse:reddit-minor-inconveniences:119	Minor Accursed Inconvenience 119	If you spend a turn yelling loudly and flexing without moving or taking any actions, bonus actions, or reactions, you may make an extra attack on the next turn with advantage. You glow brightly the entire time you're yelling in this situation.	unrated	1.0	as_written	all	false	Common	Legendary	true	https://www.reddit.com/r/DnD/comments/1cl7q7n/a_200strong_table_of_minor_accursed_inconveniences/
curse:reddit-minor-inconveniences:120	Minor Accursed Inconvenience 120	You become exceptionally greedy.	unrated	1.0	as_written	all	false	Common	Legendary	true	https://www.reddit.com/r/DnD/comments/1cl7q7n/a_200strong_table_of_minor_accursed_inconveniences/
curse:reddit-minor-inconveniences:121	Minor Accursed Inconvenience 121	If you take damage, you must use your item interaction to make sure your hair is okay on the following turn.	unrated	1.0	as_written	all	false	Common	Legendary	true	https://www.reddit.com/r/DnD/comments/1cl7q7n/a_200strong_table_of_minor_accursed_inconveniences/
curse:reddit-minor-inconveniences:122	Minor Accursed Inconvenience 122	You prefer the romantic company of bears instead of other humanoids.	unrated	1.0	as_written	all	false	Common	Legendary	true	https://www.reddit.com/r/DnD/comments/1cl7q7n/a_200strong_table_of_minor_accursed_inconveniences/
curse:reddit-minor-inconveniences:123	Minor Accursed Inconvenience 123	You have tinnitus.	unrated	1.0	as_written	all	false	Common	Legendary	true	https://www.reddit.com/r/DnD/comments/1cl7q7n/a_200strong_table_of_minor_accursed_inconveniences/
curse:reddit-minor-inconveniences:124	Minor Accursed Inconvenience 124	You absolutely REFUSE to step on cracks of any kind (mechanically, you must move only using the arrow keys).	unrated	1.0	as_written	all	false	Common	Legendary	true	https://www.reddit.com/r/DnD/comments/1cl7q7n/a_200strong_table_of_minor_accursed_inconveniences/
curse:reddit-minor-inconveniences:125	Minor Accursed Inconvenience 125	Whenever you look at someone for more than three seconds, their face appears to start melting (this is a hallucination).	unrated	1.0	as_written	all	false	Common	Legendary	true	https://www.reddit.com/r/DnD/comments/1cl7q7n/a_200strong_table_of_minor_accursed_inconveniences/
curse:reddit-minor-inconveniences:126	Minor Accursed Inconvenience 126	"Any time you say a word without pronouncing the ""silent"" letters in it, you bite your tongue. It hurts a lot, and draws blood, which most people have no problem seeing."	unrated	1.0	as_written	all	false	Common	Legendary	true	https://www.reddit.com/r/DnD/comments/1cl7q7n/a_200strong_table_of_minor_accursed_inconveniences/
curse:reddit-minor-inconveniences:127	Minor Accursed Inconvenience 127	You speak in haiku.	unrated	1.0	as_written	all	false	Common	Legendary	true	https://www.reddit.com/r/DnD/comments/1cl7q7n/a_200strong_table_of_minor_accursed_inconveniences/
curse:reddit-minor-inconveniences:128	Minor Accursed Inconvenience 128	You can't see clothing or armor anymore. This includes your own. - Double the amount of time required to don armor.	unrated	1.0	as_written	all	false	Common	Legendary	true	https://www.reddit.com/r/DnD/comments/1cl7q7n/a_200strong_table_of_minor_accursed_inconveniences/
curse:reddit-minor-inconveniences:129	Minor Accursed Inconvenience 129	Whenever you accidentally harm an ally with an errant shot or area of effect ability or spell, you feel the power of Ryfe flow through you--you gain temporary HP equal to the damage you inflicted on your friends. This temporary HP stacks.	unrated	1.0	as_written	all	false	Common	Legendary	true	https://www.reddit.com/r/DnD/comments/1cl7q7n/a_200strong_table_of_minor_accursed_inconveniences/
curse:reddit-minor-inconveniences:130	Minor Accursed Inconvenience 130	Your thoughts are literally written on your face. In Dwarvish.	unrated	1.0	as_written	all	false	Common	Legendary	true	https://www.reddit.com/r/DnD/comments/1cl7q7n/a_200strong_table_of_minor_accursed_inconveniences/
curse:reddit-minor-inconveniences:131	Minor Accursed Inconvenience 131	Failing an ability check makes you pee, just a little.	unrated	1.0	as_written	all	false	Common	Legendary	true	https://www.reddit.com/r/DnD/comments/1cl7q7n/a_200strong_table_of_minor_accursed_inconveniences/
curse:reddit-minor-inconveniences:132	Minor Accursed Inconvenience 132	You can't see race (or gender) when looking at humanoids. Everyone looks like a white cismale human.	unrated	1.0	as_written	all	false	Common	Legendary	true	https://www.reddit.com/r/DnD/comments/1cl7q7n/a_200strong_table_of_minor_accursed_inconveniences/
curse:reddit-minor-inconveniences:133	Minor Accursed Inconvenience 133	You tip at least 50% whenever you spend money on something. If you can't afford to tip, you can't afford to buy!	unrated	1.0	as_written	all	false	Common	Legendary	true	https://www.reddit.com/r/DnD/comments/1cl7q7n/a_200strong_table_of_minor_accursed_inconveniences/
curse:reddit-minor-inconveniences:134	Minor Accursed Inconvenience 134	You think anyone shorter than you is a literal child.	unrated	1.0	as_written	all	false	Common	Legendary	true	https://www.reddit.com/r/DnD/comments/1cl7q7n/a_200strong_table_of_minor_accursed_inconveniences/
curse:reddit-minor-inconveniences:135	Minor Accursed Inconvenience 135	You develop male pattern baldness--full on horseshoe style.	unrated	1.0	as_written	all	false	Common	Legendary	true	https://www.reddit.com/r/DnD/comments/1cl7q7n/a_200strong_table_of_minor_accursed_inconveniences/
curse:reddit-minor-inconveniences:136	Minor Accursed Inconvenience 136	A brownie starts following you and cleaning up after you. If you fail to thank it each day by leaving it a present, it will sabotage you somehow.	unrated	1.0	as_written	all	false	Common	Legendary	true	https://www.reddit.com/r/DnD/comments/1cl7q7n/a_200strong_table_of_minor_accursed_inconveniences/
curse:reddit-minor-inconveniences:137	Minor Accursed Inconvenience 137	Any reptile or amphibian you see you think MUST be a cursed prince. One little kiss could break that curse…	unrated	1.0	as_written	all	false	Common	Legendary	true	https://www.reddit.com/r/DnD/comments/1cl7q7n/a_200strong_table_of_minor_accursed_inconveniences/
curse:reddit-minor-inconveniences:138	Minor Accursed Inconvenience 138	You develop a severe stutter. - Disadvantage on spellcasting ability checks.	unrated	1.0	as_written	all	false	Common	Legendary	true	https://www.reddit.com/r/DnD/comments/1cl7q7n/a_200strong_table_of_minor_accursed_inconveniences/
curse:reddit-minor-inconveniences:139	Minor Accursed Inconvenience 139	"You must now regularly whisper, ""I like you,"" in the ears of your companions, especially when they're sleeping and you're not."	unrated	1.0	as_written	all	false	Common	Legendary	true	https://www.reddit.com/r/DnD/comments/1cl7q7n/a_200strong_table_of_minor_accursed_inconveniences/
curse:reddit-minor-inconveniences:140	Minor Accursed Inconvenience 140	Whenever you're talking to someone, you must try to touch them at the same time, preferably their face.	unrated	1.0	as_written	all	false	Common	Legendary	true	https://www.reddit.com/r/DnD/comments/1cl7q7n/a_200strong_table_of_minor_accursed_inconveniences/
curse:reddit-minor-inconveniences:141	Minor Accursed Inconvenience 141	Whenever you see a beggar, you give them at least 5% of the money you have.	unrated	1.0	as_written	all	false	Common	Legendary	true	https://www.reddit.com/r/DnD/comments/1cl7q7n/a_200strong_table_of_minor_accursed_inconveniences/
curse:reddit-minor-inconveniences:142	Minor Accursed Inconvenience 142	Your sense of spice is reversed. Plain white bread is the spiciest thing in the world, and only exotic peppers taste bland to you. Water tastes like hot sauce.	unrated	1.0	as_written	all	false	Common	Legendary	true	https://www.reddit.com/r/DnD/comments/1cl7q7n/a_200strong_table_of_minor_accursed_inconveniences/
curse:reddit-minor-inconveniences:143	Minor Accursed Inconvenience 143	"Any time you hear the word, ""loot,"" you have an earthshaking orgasm."	unrated	1.0	as_written	all	false	Common	Legendary	true	https://www.reddit.com/r/DnD/comments/1cl7q7n/a_200strong_table_of_minor_accursed_inconveniences/
curse:reddit-minor-inconveniences:144	Minor Accursed Inconvenience 144	You are terrified of healing. Much like a child afraid of getting shots, you flee from people trying to heal you.	unrated	1.0	as_written	all	false	Common	Legendary	true	https://www.reddit.com/r/DnD/comments/1cl7q7n/a_200strong_table_of_minor_accursed_inconveniences/
curse:reddit-minor-inconveniences:145	Minor Accursed Inconvenience 145	If you swear, a silver coin falls out of your pocket (if you have any).	unrated	1.0	as_written	all	false	Common	Legendary	true	https://www.reddit.com/r/DnD/comments/1cl7q7n/a_200strong_table_of_minor_accursed_inconveniences/
curse:reddit-minor-inconveniences:146	Minor Accursed Inconvenience 146	You have a slow nosebleed. It never stops, except when you're looking straight upward or sleeping.	unrated	1.0	as_written	all	false	Common	Legendary	true	https://www.reddit.com/r/DnD/comments/1cl7q7n/a_200strong_table_of_minor_accursed_inconveniences/
curse:reddit-minor-inconveniences:147	Minor Accursed Inconvenience 147	You see dolls following you. They always seem to disappear around corners or behind objects and vanish right after you notice them.	unrated	1.0	as_written	all	false	Common	Legendary	true	https://www.reddit.com/r/DnD/comments/1cl7q7n/a_200strong_table_of_minor_accursed_inconveniences/
curse:reddit-minor-inconveniences:148	Minor Accursed Inconvenience 148	Reading gives you a vicious headache.	unrated	1.0	as_written	all	false	Common	Legendary	true	https://www.reddit.com/r/DnD/comments/1cl7q7n/a_200strong_table_of_minor_accursed_inconveniences/
curse:reddit-minor-inconveniences:149	Minor Accursed Inconvenience 149	Whenever nobody else is around to see, doors close and lock you in whatever room you're in (if it has doors that lock).	unrated	1.0	as_written	all	false	Common	Legendary	true	https://www.reddit.com/r/DnD/comments/1cl7q7n/a_200strong_table_of_minor_accursed_inconveniences/
curse:reddit-minor-inconveniences:150	Minor Accursed Inconvenience 150	Your bellybutton turns into a little mouth that screams out cheerleading slogans and hype for you at random moments.	unrated	1.0	as_written	all	false	Common	Legendary	true	https://www.reddit.com/r/DnD/comments/1cl7q7n/a_200strong_table_of_minor_accursed_inconveniences/
curse:reddit-minor-inconveniences:151	Minor Accursed Inconvenience 151	Your hands ooze delicious butter substitute. On attacks of natural 1, you fumble your weapon.	unrated	1.0	as_written	all	false	Common	Legendary	true	https://www.reddit.com/r/DnD/comments/1cl7q7n/a_200strong_table_of_minor_accursed_inconveniences/
curse:reddit-minor-inconveniences:152	Minor Accursed Inconvenience 152	Your mouth is permanently dry. Make with the lip-smacking sounds!	unrated	1.0	as_written	all	false	Common	Legendary	true	https://www.reddit.com/r/DnD/comments/1cl7q7n/a_200strong_table_of_minor_accursed_inconveniences/
curse:reddit-minor-inconveniences:153	Minor Accursed Inconvenience 153	"Your character must loudly sing a ""poop song"" whenever you go to the bathroom in real life."	unrated	1.0	as_written	all	false	Common	Legendary	true	https://www.reddit.com/r/DnD/comments/1cl7q7n/a_200strong_table_of_minor_accursed_inconveniences/
curse:reddit-minor-inconveniences:154	Minor Accursed Inconvenience 154	Whenever someone says your name, you have a sneezing fit.	unrated	1.0	as_written	all	false	Common	Legendary	true	https://www.reddit.com/r/DnD/comments/1cl7q7n/a_200strong_table_of_minor_accursed_inconveniences/
curse:reddit-minor-inconveniences:155	Minor Accursed Inconvenience 155	You remain oblivious to clues obtained through sight or sound, and must roll investigation checks using your sense of taste instead. You don't suffer any particular disadvantage for this--enjoy synesthesia!	unrated	1.0	as_written	all	false	Common	Legendary	true	https://www.reddit.com/r/DnD/comments/1cl7q7n/a_200strong_table_of_minor_accursed_inconveniences/
curse:reddit-minor-inconveniences:156	Minor Accursed Inconvenience 156	When you're in crowds or moving through city streets or the like, random and hurtful insults are hurled at you from people you can't see.	unrated	1.0	as_written	all	false	Common	Legendary	true	https://www.reddit.com/r/DnD/comments/1cl7q7n/a_200strong_table_of_minor_accursed_inconveniences/
curse:reddit-minor-inconveniences:157	Minor Accursed Inconvenience 157	There's always a piece of broccoli stuck in your teeth. You can feel it, though you can never quite liberate it from your teeth. Everyone can see it, but you can never spot it in the mirror.	unrated	1.0	as_written	all	false	Common	Legendary	true	https://www.reddit.com/r/DnD/comments/1cl7q7n/a_200strong_table_of_minor_accursed_inconveniences/
curse:reddit-minor-inconveniences:158	Minor Accursed Inconvenience 158	Everything you put in your backpack or bag of holding gets covered in glitter. This doesn't make shopkeeps happy.	unrated	1.0	as_written	all	false	Common	Legendary	true	https://www.reddit.com/r/DnD/comments/1cl7q7n/a_200strong_table_of_minor_accursed_inconveniences/
curse:reddit-minor-inconveniences:159	Minor Accursed Inconvenience 159	If you are feminine, you grow a third breast. If you are masculine, you grow a third butt cheek.	unrated	1.0	as_written	all	false	Common	Legendary	true	https://www.reddit.com/r/DnD/comments/1cl7q7n/a_200strong_table_of_minor_accursed_inconveniences/
curse:reddit-minor-inconveniences:160	Minor Accursed Inconvenience 160	You always suggest peace as the first option to resolve any conflict. Even conflicts you start. This means if you start a fight, you must spend at least 1 action suggesting you all stop and think about just talking it out.	unrated	1.0	as_written	all	false	Common	Legendary	true	https://www.reddit.com/r/DnD/comments/1cl7q7n/a_200strong_table_of_minor_accursed_inconveniences/
curse:reddit-minor-inconveniences:161	Minor Accursed Inconvenience 161	Your finger and toenails grow at a rate of one inch per hour, and your teeth are the only thing that can cut them (or so you believe).	unrated	1.0	as_written	all	false	Common	Legendary	true	https://www.reddit.com/r/DnD/comments/1cl7q7n/a_200strong_table_of_minor_accursed_inconveniences/
curse:reddit-minor-inconveniences:162	Minor Accursed Inconvenience 162	Your feelings are delicate--you're easily offended and prone to loud bouts of crying.	unrated	1.0	as_written	all	false	Common	Legendary	true	https://www.reddit.com/r/DnD/comments/1cl7q7n/a_200strong_table_of_minor_accursed_inconveniences/
curse:reddit-minor-inconveniences:163	Minor Accursed Inconvenience 163	You are colorblind.	unrated	1.0	as_written	all	false	Common	Legendary	true	https://www.reddit.com/r/DnD/comments/1cl7q7n/a_200strong_table_of_minor_accursed_inconveniences/
curse:reddit-minor-inconveniences:164	Minor Accursed Inconvenience 164	Your clothes flutter heroically in a breeze that nobody else can feel or detect. The breeze smells strongly of hot garbage.	unrated	1.0	as_written	all	false	Common	Legendary	true	https://www.reddit.com/r/DnD/comments/1cl7q7n/a_200strong_table_of_minor_accursed_inconveniences/
curse:reddit-minor-inconveniences:165	Minor Accursed Inconvenience 165	You think about 50% of pockets are mimics.	unrated	1.0	as_written	all	false	Common	Legendary	true	https://www.reddit.com/r/DnD/comments/1cl7q7n/a_200strong_table_of_minor_accursed_inconveniences/
curse:reddit-minor-inconveniences:166	Minor Accursed Inconvenience 166	Your ears are now inside your mouth. You are deafened unless your mouth is open.	unrated	1.0	as_written	all	false	Common	Legendary	true	https://www.reddit.com/r/DnD/comments/1cl7q7n/a_200strong_table_of_minor_accursed_inconveniences/
curse:reddit-minor-inconveniences:167	Minor Accursed Inconvenience 167	Your eyebrows are always meaningfully arched.	unrated	1.0	as_written	all	false	Common	Legendary	true	https://www.reddit.com/r/DnD/comments/1cl7q7n/a_200strong_table_of_minor_accursed_inconveniences/
curse:reddit-minor-inconveniences:168	Minor Accursed Inconvenience 168	Your cheeks hang low and flap like a bloodhound's jowls.	unrated	1.0	as_written	all	false	Common	Legendary	true	https://www.reddit.com/r/DnD/comments/1cl7q7n/a_200strong_table_of_minor_accursed_inconveniences/
curse:reddit-minor-inconveniences:169	Minor Accursed Inconvenience 169	You continually emit a loud, high-pitched noise that only children under age 18 can hear.	unrated	1.0	as_written	all	false	Common	Legendary	true	https://www.reddit.com/r/DnD/comments/1cl7q7n/a_200strong_table_of_minor_accursed_inconveniences/
curse:reddit-minor-inconveniences:170	Minor Accursed Inconvenience 170	Any time you are immersed in darkness, you hear childlike laughter around you.	unrated	1.0	as_written	all	false	Common	Legendary	true	https://www.reddit.com/r/DnD/comments/1cl7q7n/a_200strong_table_of_minor_accursed_inconveniences/
curse:reddit-minor-inconveniences:171	Minor Accursed Inconvenience 171	You never wake up where you went to sleep.	unrated	1.0	as_written	all	false	Common	Legendary	true	https://www.reddit.com/r/DnD/comments/1cl7q7n/a_200strong_table_of_minor_accursed_inconveniences/
curse:reddit-minor-inconveniences:172	Minor Accursed Inconvenience 172	You think you're one of the other members of your party, selected by the GM.	unrated	1.0	as_written	all	false	Common	Legendary	true	https://www.reddit.com/r/DnD/comments/1cl7q7n/a_200strong_table_of_minor_accursed_inconveniences/
curse:reddit-minor-inconveniences:173	Minor Accursed Inconvenience 173	Every piece of food you touch turns into peppermint candy.	unrated	1.0	as_written	all	false	Common	Legendary	true	https://www.reddit.com/r/DnD/comments/1cl7q7n/a_200strong_table_of_minor_accursed_inconveniences/
curse:reddit-minor-inconveniences:174	Minor Accursed Inconvenience 174	You don't believe in the fey so hard that you literally cannot perceive them. Any effect caused by a Fey creature you rationalize to protect your disbelief.	unrated	1.0	as_written	all	false	Common	Legendary	true	https://www.reddit.com/r/DnD/comments/1cl7q7n/a_200strong_table_of_minor_accursed_inconveniences/
curse:reddit-minor-inconveniences:175	Minor Accursed Inconvenience 175	You believe you can speak with plants. They flatter you and tell you secrets (which may or may not be true).	unrated	1.0	as_written	all	false	Common	Legendary	true	https://www.reddit.com/r/DnD/comments/1cl7q7n/a_200strong_table_of_minor_accursed_inconveniences/
curse:reddit-minor-inconveniences:176	Minor Accursed Inconvenience 176	Any time you handle paper or books you get a papercut.	unrated	1.0	as_written	all	false	Common	Legendary	true	https://www.reddit.com/r/DnD/comments/1cl7q7n/a_200strong_table_of_minor_accursed_inconveniences/
curse:reddit-minor-inconveniences:177	Minor Accursed Inconvenience 177	The floor looks like molten cheese to you.	unrated	1.0	as_written	all	false	Common	Legendary	true	https://www.reddit.com/r/DnD/comments/1cl7q7n/a_200strong_table_of_minor_accursed_inconveniences/
curse:reddit-minor-inconveniences:178	Minor Accursed Inconvenience 178	You believe your imaginary friend has become real. He is not happy that you've been neglecting him all these years.	unrated	1.0	as_written	all	false	Common	Legendary	true	https://www.reddit.com/r/DnD/comments/1cl7q7n/a_200strong_table_of_minor_accursed_inconveniences/
curse:reddit-minor-inconveniences:179	Minor Accursed Inconvenience 179	You become painfully skinny.	unrated	1.0	as_written	all	false	Common	Legendary	true	https://www.reddit.com/r/DnD/comments/1cl7q7n/a_200strong_table_of_minor_accursed_inconveniences/
curse:reddit-minor-inconveniences:180	Minor Accursed Inconvenience 180	You become morbidly obese.	unrated	1.0	as_written	all	false	Common	Legendary	true	https://www.reddit.com/r/DnD/comments/1cl7q7n/a_200strong_table_of_minor_accursed_inconveniences/
curse:reddit-minor-inconveniences:181	Minor Accursed Inconvenience 181	Your nosehairs grow to be 6 inches long and constantly wiggle. Even trimmed, they regrow at the end of each long rest.	unrated	1.0	as_written	all	false	Common	Legendary	true	https://www.reddit.com/r/DnD/comments/1cl7q7n/a_200strong_table_of_minor_accursed_inconveniences/
curse:reddit-minor-inconveniences:182	Minor Accursed Inconvenience 182	Honestly, you're not sure how you're doing, but you'd love to talk about it.	unrated	1.0	as_written	all	false	Common	Legendary	true	https://www.reddit.com/r/DnD/comments/1cl7q7n/a_200strong_table_of_minor_accursed_inconveniences/
curse:reddit-minor-inconveniences:183	Minor Accursed Inconvenience 183	Whenever you critically miss an attack roll, the attack rebounds and hits you (for the lowest possible damage on the dice if applicable).	unrated	1.0	as_written	all	false	Common	Legendary	true	https://www.reddit.com/r/DnD/comments/1cl7q7n/a_200strong_table_of_minor_accursed_inconveniences/
curse:reddit-minor-inconveniences:184	Minor Accursed Inconvenience 184	A tiny purple worm dwells within your body. It harmlessly erupts from your skin to do things like eat your food, chew holes in your clothing, and scare children.	unrated	1.0	as_written	all	false	Common	Legendary	true	https://www.reddit.com/r/DnD/comments/1cl7q7n/a_200strong_table_of_minor_accursed_inconveniences/
curse:reddit-minor-inconveniences:185	Minor Accursed Inconvenience 185	You have head lice so long as you have the curse. The lice are real, and contagious.	unrated	1.0	as_written	all	false	Common	Legendary	true	https://www.reddit.com/r/DnD/comments/1cl7q7n/a_200strong_table_of_minor_accursed_inconveniences/
curse:reddit-minor-inconveniences:186	Minor Accursed Inconvenience 186	Ants begin to worship you. Each morning you see tiny cults of insects that have brought you gifts, such as crumbs of bread and bits of metal. Behold your almighty power!	unrated	1.0	as_written	all	false	Common	Legendary	true	https://www.reddit.com/r/DnD/comments/1cl7q7n/a_200strong_table_of_minor_accursed_inconveniences/
curse:reddit-minor-inconveniences:187	Minor Accursed Inconvenience 187	Every time someone says your name, you're convinced that they're propositioning you.	unrated	1.0	as_written	all	false	Common	Legendary	true	https://www.reddit.com/r/DnD/comments/1cl7q7n/a_200strong_table_of_minor_accursed_inconveniences/
curse:reddit-minor-inconveniences:188	Minor Accursed Inconvenience 188	A snail begins to chase you from somewhere in Illostere. If it ever manages to touch you, you'll die. You are fully aware of this fact.	unrated	1.0	as_written	all	false	Common	Legendary	true	https://www.reddit.com/r/DnD/comments/1cl7q7n/a_200strong_table_of_minor_accursed_inconveniences/
curse:reddit-minor-inconveniences:189	Minor Accursed Inconvenience 189	The Metacurse. If you ever make a comment that implies that you're metagaming, your gender changes. This effect is permanent. The DM makes the call on if you're metagaming or not.	unrated	1.0	as_written	all	false	Common	Legendary	true	https://www.reddit.com/r/DnD/comments/1cl7q7n/a_200strong_table_of_minor_accursed_inconveniences/
curse:reddit-minor-inconveniences:190	Minor Accursed Inconvenience 190	You are under the permanent effect of Disguise Self, appearing to look like one of your comrades, as determined by the DM.	unrated	1.0	as_written	all	false	Common	Legendary	true	https://www.reddit.com/r/DnD/comments/1cl7q7n/a_200strong_table_of_minor_accursed_inconveniences/
curse:reddit-minor-inconveniences:191	Minor Accursed Inconvenience 191	Whenever you see a rainbow, you are compelled to find the gold at the end of it. This happens every time that it rains.	unrated	1.0	as_written	all	false	Common	Legendary	true	https://www.reddit.com/r/DnD/comments/1cl7q7n/a_200strong_table_of_minor_accursed_inconveniences/
curse:reddit-minor-inconveniences:192	Minor Accursed Inconvenience 192	You believe (loudly, and to anyone who will listen) that you are the incarnation of the god that best suits your alignment and personality.	unrated	1.0	as_written	all	false	Common	Legendary	true	https://www.reddit.com/r/DnD/comments/1cl7q7n/a_200strong_table_of_minor_accursed_inconveniences/
curse:reddit-minor-inconveniences:193	Minor Accursed Inconvenience 193	You have performance anxiety.	unrated	1.0	as_written	all	false	Common	Legendary	true	https://www.reddit.com/r/DnD/comments/1cl7q7n/a_200strong_table_of_minor_accursed_inconveniences/
curse:reddit-minor-inconveniences:194	Minor Accursed Inconvenience 194	You have imposter syndrome.	unrated	1.0	as_written	all	false	Common	Legendary	true	https://www.reddit.com/r/DnD/comments/1cl7q7n/a_200strong_table_of_minor_accursed_inconveniences/
curse:reddit-minor-inconveniences:195	Minor Accursed Inconvenience 195	Every stranger you see looks like they're wearing a Nemo mask.	unrated	1.0	as_written	all	false	Common	Legendary	true	https://www.reddit.com/r/DnD/comments/1cl7q7n/a_200strong_table_of_minor_accursed_inconveniences/
curse:reddit-minor-inconveniences:196	Minor Accursed Inconvenience 196	Every stranger you see looks like Nemo wearing a stranger mask.	unrated	1.0	as_written	all	false	Common	Legendary	true	https://www.reddit.com/r/DnD/comments/1cl7q7n/a_200strong_table_of_minor_accursed_inconveniences/
curse:reddit-minor-inconveniences:197	Minor Accursed Inconvenience 197	"Every time you touch a coin, it springs to life (sprouting little arms and legs, as well as eyes and a mouth) and starts singing loudly about having ""Money for Nothin"" while fleeing from you."	unrated	1.0	as_written	all	false	Common	Legendary	true	https://www.reddit.com/r/DnD/comments/1cl7q7n/a_200strong_table_of_minor_accursed_inconveniences/
curse:reddit-minor-inconveniences:198	Minor Accursed Inconvenience 198	Your bed--whether it be a mattress, bedroll, hammock, or otherwise--has an appetite… FOR YOU! You think your bedding is a mimic trying to eat you. (It's not, but you have trouble being convinced of that or resting).	unrated	1.0	as_written	all	false	Common	Legendary	true	https://www.reddit.com/r/DnD/comments/1cl7q7n/a_200strong_table_of_minor_accursed_inconveniences/
curse:reddit-minor-inconveniences:199	Minor Accursed Inconvenience 199	Pixies, which are normally shy creatures, suddenly find you irresistibly attractive.	unrated	1.0	as_written	all	false	Common	Legendary	true	https://www.reddit.com/r/DnD/comments/1cl7q7n/a_200strong_table_of_minor_accursed_inconveniences/
curse:reddit-minor-inconveniences:200	Minor Accursed Inconvenience 200	A dark metal coin containing one humanoid soul falls into your lap. It whispers in terror and pain at all times. Fiends cherish these coins, and may be willing to trade for them. You are able to immediately benefit from another Fey Curse and the advantage it conveys.	unrated	1.0	as_written	all	false	Common	Legendary	true	https://www.reddit.com/r/DnD/comments/1cl7q7n/a_200strong_table_of_minor_accursed_inconveniences/
curse:reddit-interesting:001	Interesting Curse 001	The character cannot turn right until the curse is lifted.	unrated	1.0	as_written	all	false	Common	Legendary	true	https://www.reddit.com/r/DnD/comments/792zen/d100_interesting_curses/
curse:reddit-interesting:002	Interesting Curse 002	Characters feet always sink at least 1 inch into any surface they walk on (the at least accounts for walking on water, as in if they try to walk on water they sink normally)	unrated	1.0	as_written	all	false	Common	Legendary	true	https://www.reddit.com/r/DnD/comments/792zen/d100_interesting_curses/
curse:reddit-interesting:003	Interesting Curse 003	All [food] type becomes tasteless (meat, vegetables, fruit)	unrated	1.0	as_written	all	false	Common	Legendary	true	https://www.reddit.com/r/DnD/comments/792zen/d100_interesting_curses/
curse:reddit-interesting:004	Interesting Curse 004	When the character fires a ranged weapon, the ammunition always breaks on impact (no effect on damage)	unrated	1.0	as_written	all	false	Common	Legendary	true	https://www.reddit.com/r/DnD/comments/792zen/d100_interesting_curses/
curse:reddit-interesting:005	Interesting Curse 005	Until the curse is lifted, when the character falls to 0hp, roll a D100. If you roll equal to or below the CR of the creature that cursed you, you instantly die.	unrated	1.0	as_written	all	false	Common	Legendary	true	https://www.reddit.com/r/DnD/comments/792zen/d100_interesting_curses/
curse:reddit-interesting:006	Interesting Curse 006	A player must close every door they walk through, even if there are people behind them.	unrated	1.0	as_written	all	false	Common	Legendary	true	https://www.reddit.com/r/DnD/comments/792zen/d100_interesting_curses/
curse:reddit-interesting:007	Interesting Curse 007	A player's weapon becomes lodged inside the body of their enemy after any stab attack, a strength check (DC 15) is needed to free the weapon.	unrated	1.0	as_written	all	false	Common	Legendary	true	https://www.reddit.com/r/DnD/comments/792zen/d100_interesting_curses/
curse:reddit-interesting:008	Interesting Curse 008	A player's weapons become twice as heavy, requiring two actions to strike once, until the curse is lifted.	unrated	1.0	as_written	all	false	Common	Legendary	true	https://www.reddit.com/r/DnD/comments/792zen/d100_interesting_curses/
curse:reddit-interesting:009	Interesting Curse 009	A player is stalked by an imp, who simply follows him, saying nothing, always staring. No one else can see the imp.	unrated	1.0	as_written	all	false	Common	Legendary	true	https://www.reddit.com/r/DnD/comments/792zen/d100_interesting_curses/
curse:reddit-interesting:010	Interesting Curse 010	The player's backpack is enchanted, to always give the player an item they needed in the past, but never what they will need in the future or present.	unrated	1.0	as_written	all	false	Common	Legendary	true	https://www.reddit.com/r/DnD/comments/792zen/d100_interesting_curses/
curse:reddit-interesting:011	Interesting Curse 011	The next item the cursed player grabs is bound to them forever, they can never get rid of it.	unrated	1.0	as_written	all	false	Common	Legendary	true	https://www.reddit.com/r/DnD/comments/792zen/d100_interesting_curses/
curse:reddit-interesting:012	Interesting Curse 012	Everytime the cursed character kills someone stealthily, the slain thing lets out an incredibly loud scream that can be heard from 500 ft away, even if it wouldn't be possible for the dead thing to scream.	unrated	1.0	as_written	all	false	Common	Legendary	true	https://www.reddit.com/r/DnD/comments/792zen/d100_interesting_curses/
curse:reddit-interesting:013	Interesting Curse 013	Character takes on the appearance and smell of being undead, but isn't.	unrated	1.0	as_written	all	false	Common	Legendary	true	https://www.reddit.com/r/DnD/comments/792zen/d100_interesting_curses/
curse:reddit-interesting:014	Interesting Curse 014	"Characters must only answer questions with lies, unless they are asked about the reason for their behaviour (ex: ""are you cursed?"" ""Are you lying on purpose?"") In which case they must respond in the affirmative."	unrated	1.0	as_written	all	false	Common	Legendary	true	https://www.reddit.com/r/DnD/comments/792zen/d100_interesting_curses/
curse:reddit-interesting:015	Interesting Curse 015	Characters must agree to every suggestion or request made within 30 feet of them. Curse is broken after a week.	unrated	1.0	as_written	all	false	Common	Legendary	true	https://www.reddit.com/r/DnD/comments/792zen/d100_interesting_curses/
curse:reddit-interesting:016	Interesting Curse 016	The cursed character takes 1 damage whenever a creature within 30 feet of them takes any damage.	unrated	1.0	as_written	all	false	Common	Legendary	true	https://www.reddit.com/r/DnD/comments/792zen/d100_interesting_curses/
curse:reddit-interesting:017	Interesting Curse 017	Character cannot willingly kill/spare the life of any living creature (choose depending on character personality).	unrated	1.0	as_written	all	false	Common	Legendary	true	https://www.reddit.com/r/DnD/comments/792zen/d100_interesting_curses/
curse:reddit-interesting:018	Interesting Curse 018	Character becomes incapable of visually perceiving living creatures.	unrated	1.0	as_written	all	false	Common	Legendary	true	https://www.reddit.com/r/DnD/comments/792zen/d100_interesting_curses/
curse:reddit-interesting:019	Interesting Curse 019	Characters low-light vision and high-light vision switch (i.e. sunlight is effectively dark, but can see areas in shadow as if they were brightly lit).	unrated	1.0	as_written	all	false	Common	Legendary	true	https://www.reddit.com/r/DnD/comments/792zen/d100_interesting_curses/
curse:reddit-interesting:020	Interesting Curse 020	Roll a d100. After the amount of dies shown on dice, the character explodes for (as per a 5th level Fireball) the next time they take a long rest, then is immediately put under the effects of a Reincarnation spell. The cycle continues until a Wish spell dispels it.	unrated	1.0	as_written	all	false	Common	Legendary	true	https://www.reddit.com/r/DnD/comments/792zen/d100_interesting_curses/
curse:reddit-interesting:021	Interesting Curse 021	Character is struck with blindness, but can accurately identify objects by taste through the air up to 60 feet away.	unrated	1.0	as_written	all	false	Common	Legendary	true	https://www.reddit.com/r/DnD/comments/792zen/d100_interesting_curses/
curse:reddit-interesting:022	Interesting Curse 022	Butt switches place with face. Switches every time either orifice expels any substance.	unrated	1.0	as_written	all	false	Common	Legendary	true	https://www.reddit.com/r/DnD/comments/792zen/d100_interesting_curses/
curse:reddit-interesting:023	Interesting Curse 023	Your CHA stat becomes your CHAR stat, determining your effectiveness at cooking up a mean barbeque. Reflavour spells and skill checks accordingly.	unrated	1.0	as_written	all	false	Common	Legendary	true	https://www.reddit.com/r/DnD/comments/792zen/d100_interesting_curses/
curse:reddit-interesting:024	Interesting Curse 024	When the target of the curse next goes to sleep, they dream of a burning lake. The dreams progress, becoming nightmares over time. The target instinctively becomes aware of the direction of the lake, and must save vs Wis or spend that day trying to reach the lake. The target must save every day to prevent the condition progressing, taking a penalty to mental rolls for every stage it advances. To completely recover, the target must make 3 saves in a row, if they fail a save it regresses to its initial condition, and if they fail 3 times in a row the target becomes maddened until they reach the lake. Upon reaching the lake they will see it is not engulfed in flames, and will take d6 Psychic damage for the number of days they have been affected by the urges.	unrated	1.0	as_written	all	false	Common	Legendary	true	https://www.reddit.com/r/DnD/comments/792zen/d100_interesting_curses/
curse:reddit-interesting:025	Interesting Curse 025	The first ritual performed after being cursed succeeds instantly, but when they next sleep the target must save vs. Con. If they fail, their skin dries and their body catches alight, taking d6 damage per turn. The fire can be put out by magical or mundane conventions.	unrated	1.0	as_written	all	false	Common	Legendary	true	https://www.reddit.com/r/DnD/comments/792zen/d100_interesting_curses/
curse:reddit-interesting:026	Interesting Curse 026	The cursed begins aging at 5 years an hour. When they reach 100 years, they die, and an infant crawls from their body’s clothing. It continues to age at the same rate until it reaches 20. Same character, same memories.	unrated	1.0	as_written	all	false	Common	Legendary	true	https://www.reddit.com/r/DnD/comments/792zen/d100_interesting_curses/
curse:reddit-interesting:027	Interesting Curse 027	As the curse is activated, the target's hands detach from their wrists and scuttle away, and new hands grow in their place. For the rest of the day, every time they cast a spell, the same thing happens. The hands remain animate until destroyed, and will do their best to make terrible mischief.	unrated	1.0	as_written	all	false	Common	Legendary	true	https://www.reddit.com/r/DnD/comments/792zen/d100_interesting_curses/
curse:reddit-interesting:028	Interesting Curse 028	A thunderous voice narrates everything the cursed does, says, or thinks for the next d4 hours.	unrated	1.0	as_written	all	false	Common	Legendary	true	https://www.reddit.com/r/DnD/comments/792zen/d100_interesting_curses/
curse:reddit-interesting:029	Interesting Curse 029	For the next d4 days, every time the cursed attempts to speak, including to cast a spell, they must Save vs Int or instead deliver a lengthy and discursive monologue on: 1: bean cultivation; 2: the daily schedule of an emperor who died thousands of years ago; 3: the spiritual beliefs of spiders; 4: the life cycle of the cherub; 5: the various manias, phobias, or perversions of the nearest, most powerful monarch; 6: the correct method of preparing, storing, and administering a heretofore unknown and spectacularly deadly poison; 7: the best tourist destinations in the nearest village; 8: famous fish poets; 9: the dangers of breathing; 10: the magical properties of cheese; On a repeated roll, the target must continue their lecture from where they left off before.	unrated	1.0	as_written	all	false	Common	Legendary	true	https://www.reddit.com/r/DnD/comments/792zen/d100_interesting_curses/
curse:reddit-interesting:030	Interesting Curse 030	Until the curse is lifted the character constantly sniffs and has a runny nose. Disadvantage on stealth, persuasion and deception checks.	unrated	1.0	as_written	all	false	Common	Legendary	true	https://www.reddit.com/r/DnD/comments/792zen/d100_interesting_curses/
curse:reddit-interesting:031	Interesting Curse 031	Character can not control the volume at which he speaks. Player rolls a D6 every time their character speaks, even rolls are spoken in a whisper, odd rolls are shouting.	unrated	1.0	as_written	all	false	Common	Legendary	true	https://www.reddit.com/r/DnD/comments/792zen/d100_interesting_curses/
curse:reddit-interesting:032	Interesting Curse 032	Animals and children are always aware of your presence and are able to locate you without difficulty.	unrated	1.0	as_written	all	false	Common	Legendary	true	https://www.reddit.com/r/DnD/comments/792zen/d100_interesting_curses/
curse:reddit-interesting:033	Interesting Curse 033	"""Curse of Popularity"" - In populated area with non-hostile NPCs, everyone knows who you are and will not leave you alone. Roll a charisma check/save (DC varies). If failed, you are viewed in an unfavorable light. If passed, you are viewed in a favorable one."	unrated	1.0	as_written	all	false	Common	Legendary	true	https://www.reddit.com/r/DnD/comments/792zen/d100_interesting_curses/
curse:reddit-interesting:034	Interesting Curse 034	Everytime a player deals damage the same amount is reflected back to a random party member.	unrated	1.0	as_written	all	false	Common	Legendary	true	https://www.reddit.com/r/DnD/comments/792zen/d100_interesting_curses/
curse:reddit-interesting:035	Interesting Curse 035	All food and drink consumed immediately tastes of rotten flesh a successful fortitude save of DC 15 can overcome this taste.	unrated	1.0	as_written	all	false	Common	Legendary	true	https://www.reddit.com/r/DnD/comments/792zen/d100_interesting_curses/
curse:reddit-interesting:036	Interesting Curse 036	Whenever the PC comes into a hallway/corridor they are compelled to Sprint at full speed to the end. Will save to resist at DMs discretion.	unrated	1.0	as_written	all	false	Common	Legendary	true	https://www.reddit.com/r/DnD/comments/792zen/d100_interesting_curses/
curse:reddit-interesting:037	Interesting Curse 037	The PC must only speak in rhyme.	unrated	1.0	as_written	all	false	Common	Legendary	true	https://www.reddit.com/r/DnD/comments/792zen/d100_interesting_curses/
curse:reddit-interesting:038	Interesting Curse 038	The PC gains a new fear based on popular vote of the party until dispelled.	unrated	1.0	as_written	all	false	Common	Legendary	true	https://www.reddit.com/r/DnD/comments/792zen/d100_interesting_curses/
curse:reddit-interesting:039	Interesting Curse 039	All the player's equipment glows brightly for 24 hours. All of it.	unrated	1.0	as_written	all	false	Common	Legendary	true	https://www.reddit.com/r/DnD/comments/792zen/d100_interesting_curses/
curse:reddit-interesting:040	Interesting Curse 040	The player becomes magnetic.	unrated	1.0	as_written	all	false	Common	Legendary	true	https://www.reddit.com/r/DnD/comments/792zen/d100_interesting_curses/
curse:reddit-interesting:041	Interesting Curse 041	It is always raining in a 5ft cube around the player. The intensity randomly varies from a drizzle to a downpour and can exist even underwater or indoors.	unrated	1.0	as_written	all	false	Common	Legendary	true	https://www.reddit.com/r/DnD/comments/792zen/d100_interesting_curses/
curse:reddit-interesting:042	Interesting Curse 042	The character finds themselves unable to open any containers or doors which require a twisting motion.	unrated	1.0	as_written	all	false	Common	Legendary	true	https://www.reddit.com/r/DnD/comments/792zen/d100_interesting_curses/
curse:reddit-interesting:043	Interesting Curse 043	The character perceives traps everywhere where none exist.	unrated	1.0	as_written	all	false	Common	Legendary	true	https://www.reddit.com/r/DnD/comments/792zen/d100_interesting_curses/
curse:reddit-interesting:044	Interesting Curse 044	The cursed becomes lactose intolerant. Consuming any dairy leads to 1d4 hour(s) of insufferable gas & diarrhea.	unrated	1.0	as_written	all	false	Common	Legendary	true	https://www.reddit.com/r/DnD/comments/792zen/d100_interesting_curses/
curse:reddit-interesting:045	Interesting Curse 045	The player must compulsively juggle items any time the player has two or more of an object in easy reach. DC 10+the number of items being juggled Acrobatics check, or an item gets dropped, with appropriate consequences.	unrated	1.0	as_written	all	false	Common	Legendary	true	https://www.reddit.com/r/DnD/comments/792zen/d100_interesting_curses/
curse:reddit-interesting:046	Interesting Curse 046	Boots squeak loudly with each step.	unrated	1.0	as_written	all	false	Common	Legendary	true	https://www.reddit.com/r/DnD/comments/792zen/d100_interesting_curses/
curse:reddit-interesting:047	Interesting Curse 047	Effects of alcohol are heavily amplified, so that even drinking one drop of a fairly weak alcoholic beverage will make the PC drunk. Drinking a full glass of a strong alcoholic beverage could potentially cause death.	unrated	1.0	as_written	all	false	Common	Legendary	true	https://www.reddit.com/r/DnD/comments/792zen/d100_interesting_curses/
curse:reddit-interesting:048	Interesting Curse 048	All of the PC's armor and clothing teleported off their body and always floats just out of reach. Any attempt to put on other clothing or armor produces the same effect.	unrated	1.0	as_written	all	false	Common	Legendary	true	https://www.reddit.com/r/DnD/comments/792zen/d100_interesting_curses/
curse:reddit-interesting:049	Interesting Curse 049	Character's known languages are randomly determined after a long rest. Roll 1d8 per standard language known & 1d8 per exotic language known. You decide whether to exclude common from these rolls or not.	unrated	1.0	as_written	all	false	Common	Legendary	true	https://www.reddit.com/r/DnD/comments/792zen/d100_interesting_curses/
curse:reddit-interesting:050	Interesting Curse 050	After a long rest a random amount of GP the character is carrying is randomly changed to an amount of either Electrum, Silver or Copper pieces of the same worth, increasing number of coins. eg. (1d20 Amount, Roll 1d6 to determine type) Won't take long for pockets to become overflowing if character doesn't spend loose change.	unrated	1.0	as_written	all	false	Common	Legendary	true	https://www.reddit.com/r/DnD/comments/792zen/d100_interesting_curses/
curse:reddit-interesting:051	Interesting Curse 051	Any divination spells where the caster or target is within a certain range of a character are retargeted to that character.	unrated	1.0	as_written	all	false	Common	Legendary	true	https://www.reddit.com/r/DnD/comments/792zen/d100_interesting_curses/
curse:reddit-interesting:052	Interesting Curse 052	The cursed begins to weep tears of blood uncontrollably, reducing their hit point maximum by 1 for every hour the curse remains active. The cursed dies if this effect reduces its hit point maximum to 0.	unrated	1.0	as_written	all	false	Common	Legendary	true	https://www.reddit.com/r/DnD/comments/792zen/d100_interesting_curses/
curse:reddit-interesting:053	Interesting Curse 053	The cursed is compelled to repeat the last word of each sentence they say 3 times, each time speaking a little bit softer than the last. If the curse remains active for more than 24 hours, the cursed is compelled to dramatically flick their hands open and closed with each echo.	unrated	1.0	as_written	all	false	Common	Legendary	true	https://www.reddit.com/r/DnD/comments/792zen/d100_interesting_curses/
curse:reddit-interesting:054	Interesting Curse 054	Cursed characters are hated by all cats until cured. Every cat will hiss and attempt to swipe and bite the character. Irregardless of the cat is successful or not the cat will run away and hide. If the cat is successful in the attack any wounds caused will not heal (even with healing spells and potions) and will continuously weep foul smelling pus.	unrated	1.0	as_written	all	false	Common	Legendary	true	https://www.reddit.com/r/DnD/comments/792zen/d100_interesting_curses/
curse:reddit-interesting:055	Interesting Curse 055	The character cannot be convinced by any means that magic exists. They rationalize magical events away by using insane, impossible logic.	unrated	1.0	as_written	all	false	Common	Legendary	true	https://www.reddit.com/r/DnD/comments/792zen/d100_interesting_curses/
curse:reddit-interesting:056	Interesting Curse 056	The character believes themselves to have swapped bodies with the nearest person. Nothing has happened.	unrated	1.0	as_written	all	false	Common	Legendary	true	https://www.reddit.com/r/DnD/comments/792zen/d100_interesting_curses/
curse:reddit-interesting:057	Interesting Curse 057	One of the character's limbs no longer has any bones. It flops around uselessly until the bones have successfully regrown in 1d4 days.	unrated	1.0	as_written	all	false	Common	Legendary	true	https://www.reddit.com/r/DnD/comments/792zen/d100_interesting_curses/
curse:reddit-interesting:058	Interesting Curse 058	The character is unable to sleep when others are sleeping in a 60' radius.	unrated	1.0	as_written	all	false	Common	Legendary	true	https://www.reddit.com/r/DnD/comments/792zen/d100_interesting_curses/
curse:reddit-interesting:059	Interesting Curse 059	Once the character has fallen asleep they cannot be awoken by any non-magical means until 8 hours have passed.	unrated	1.0	as_written	all	false	Common	Legendary	true	https://www.reddit.com/r/DnD/comments/792zen/d100_interesting_curses/
curse:reddit-interesting:060	Interesting Curse 060	The character must consume 1d4+1 times the amount of food and drink a normal person does do sustain themselves. They experience terrible thirst and hunger pains. Treat as exhaustion if they do not actively maintain this regimen.	unrated	1.0	as_written	all	false	Common	Legendary	true	https://www.reddit.com/r/DnD/comments/792zen/d100_interesting_curses/
curse:reddit-interesting:061	Interesting Curse 061	The character cannot see anyone within 10 feet of them.	unrated	1.0	as_written	all	false	Common	Legendary	true	https://www.reddit.com/r/DnD/comments/792zen/d100_interesting_curses/
curse:reddit-interesting:062	Interesting Curse 062	The character finds a wooden spoon in their bag. Every time they retrieve an item they find another wooden spoon. Every time they investigate an area they find another wooden spoon. Every time the search a body they find another wooden spoon. If they intentionally attempt to locate, retrieve, or use a spoon the task is impossible.	unrated	1.0	as_written	all	false	Common	Legendary	true	https://www.reddit.com/r/DnD/comments/792zen/d100_interesting_curses/
curse:reddit-interesting:063	Interesting Curse 063	Incapable of ignoring direct orders given to their person.	unrated	1.0	as_written	all	false	Common	Legendary	true	https://www.reddit.com/r/DnD/comments/792zen/d100_interesting_curses/
curse:reddit-interesting:064	Interesting Curse 064	When splashed with cold water transforms the character into the opposite gender. Warm water temporarily reverses the transition.	unrated	1.0	as_written	all	false	Common	Legendary	true	https://www.reddit.com/r/DnD/comments/792zen/d100_interesting_curses/
curse:reddit-interesting:065	Interesting Curse 065	Must make one significant lie per day.	unrated	1.0	as_written	all	false	Common	Legendary	true	https://www.reddit.com/r/DnD/comments/792zen/d100_interesting_curses/
curse:reddit-interesting:066	Interesting Curse 066	Automatically fails all swimming checks; it's as if the character weights 10 times their normal weight while in water.	unrated	1.0	as_written	all	false	Common	Legendary	true	https://www.reddit.com/r/DnD/comments/792zen/d100_interesting_curses/
curse:reddit-interesting:067	Interesting Curse 067	Turned into a lycanthrope... with the form of a rabbit.	unrated	1.0	as_written	all	false	Common	Legendary	true	https://www.reddit.com/r/DnD/comments/792zen/d100_interesting_curses/
curse:reddit-interesting:068	Interesting Curse 068	All creatures of a specific species are invisible to the character.	unrated	1.0	as_written	all	false	Common	Legendary	true	https://www.reddit.com/r/DnD/comments/792zen/d100_interesting_curses/
curse:reddit-interesting:069	Interesting Curse 069	A perpetually magical darkness surrounds the character for 25 feet. It is transmittable by touch.	unrated	1.0	as_written	all	false	Common	Legendary	true	https://www.reddit.com/r/DnD/comments/792zen/d100_interesting_curses/
curse:reddit-interesting:070	Interesting Curse 070	When killed for the first time each day, the wounds heal and they instead stabilize. If they are not killed once a day, they are permanently slain.	unrated	1.0	as_written	all	false	Common	Legendary	true	https://www.reddit.com/r/DnD/comments/792zen/d100_interesting_curses/
curse:reddit-interesting:071	Interesting Curse 071	Makes an unarmed attack against themselves whenever they say 'what'.	unrated	1.0	as_written	all	false	Common	Legendary	true	https://www.reddit.com/r/DnD/comments/792zen/d100_interesting_curses/
curse:reddit-interesting:072	Interesting Curse 072	Characters ears and eyes switch place. PC cannot look straight ahead. This lasts until the next full day ends.	unrated	1.0	as_written	all	false	Common	Legendary	true	https://www.reddit.com/r/DnD/comments/792zen/d100_interesting_curses/
curse:reddit-interesting:073	Interesting Curse 073	PC summons a little foot tall naked man with a hat that goofs around and makes as much noise as possible. Everyone can hear him and see his impact in the area, but cannot see him. He has no name and will not speak back. He just speaks in sounds and screams.	unrated	1.0	as_written	all	false	Common	Legendary	true	https://www.reddit.com/r/DnD/comments/792zen/d100_interesting_curses/
curse:reddit-interesting:074	Interesting Curse 074	PC thinks their eyes have the same effect as a beholder and use them as much as possible in combat.	unrated	1.0	as_written	all	false	Common	Legendary	true	https://www.reddit.com/r/DnD/comments/792zen/d100_interesting_curses/
curse:reddit-interesting:075	Interesting Curse 075	PCs teeth are as weak as glass.	unrated	1.0	as_written	all	false	Common	Legendary	true	https://www.reddit.com/r/DnD/comments/792zen/d100_interesting_curses/
curse:reddit-interesting:076	Interesting Curse 076	PCs weapon changes to the next material they touch.	unrated	1.0	as_written	all	false	Common	Legendary	true	https://www.reddit.com/r/DnD/comments/792zen/d100_interesting_curses/
curse:reddit-interesting:077	Interesting Curse 077	PC is followed by all bugs within 20 yards. (Bonus points if there are ant hills around).	unrated	1.0	as_written	all	false	Common	Legendary	true	https://www.reddit.com/r/DnD/comments/792zen/d100_interesting_curses/
curse:reddit-interesting:078	Interesting Curse 078	PC grows a mouth in their chest. You can feed the mouth but you do not know what it will do. Overtime the mouth will grow if unfed.	unrated	1.0	as_written	all	false	Common	Legendary	true	https://www.reddit.com/r/DnD/comments/792zen/d100_interesting_curses/
curse:reddit-interesting:079	Interesting Curse 079	PCs money all goes down a material (gold turns to silver) until curse is lifted. Copper turns into wooden toy coins that children would play with.	unrated	1.0	as_written	all	false	Common	Legendary	true	https://www.reddit.com/r/DnD/comments/792zen/d100_interesting_curses/
curse:reddit-interesting:080	Interesting Curse 080	All plants the PC touches turn to dust for the next week. (Bonus points if a druid gets this)	unrated	1.0	as_written	all	false	Common	Legendary	true	https://www.reddit.com/r/DnD/comments/792zen/d100_interesting_curses/
curse:reddit-interesting:081	Interesting Curse 081	All potions being held by PC give a delusion effect (example: PC thinks they are invisible but are not.)	unrated	1.0	as_written	all	false	Common	Legendary	true	https://www.reddit.com/r/DnD/comments/792zen/d100_interesting_curses/
curse:reddit-interesting:082	Interesting Curse 082	All damage given to the PC for the next 12 minutes are irreversible.	unrated	1.0	as_written	all	false	Common	Legendary	true	https://www.reddit.com/r/DnD/comments/792zen/d100_interesting_curses/
curse:reddit-interesting:083	Interesting Curse 083	The next person the PC touches switches all items.	unrated	1.0	as_written	all	false	Common	Legendary	true	https://www.reddit.com/r/DnD/comments/792zen/d100_interesting_curses/
curse:reddit-interesting:084	Interesting Curse 084	PC's armor or clothing (whichever applicable) is made entirely out of shards of glass magically held together.	unrated	1.0	as_written	all	false	Common	Legendary	true	https://www.reddit.com/r/DnD/comments/792zen/d100_interesting_curses/
curse:reddit-interesting:085	Interesting Curse 085	Character must kill one humanoid per week or die themselves.	unrated	1.0	as_written	all	false	Common	Legendary	true	https://www.reddit.com/r/DnD/comments/792zen/d100_interesting_curses/
curse:reddit-interesting:086	Interesting Curse 086	Character must read one book per week or die, it must be a book they have not read before.	unrated	1.0	as_written	all	false	Common	Legendary	true	https://www.reddit.com/r/DnD/comments/792zen/d100_interesting_curses/
curse:reddit-interesting:087	Interesting Curse 087	Every dawn, gravity reverses for the character for one hour.	unrated	1.0	as_written	all	false	Common	Legendary	true	https://www.reddit.com/r/DnD/comments/792zen/d100_interesting_curses/
curse:reddit-interesting:088	Interesting Curse 088	Whenever the character physically harms another sentient being the character must apologize.	unrated	1.0	as_written	all	false	Common	Legendary	true	https://www.reddit.com/r/DnD/comments/792zen/d100_interesting_curses/
curse:reddit-interesting:089	Interesting Curse 089	Whenever the character is on a sea vehicle of any kind the character vomits anything he/she eats and cannot sleep.	unrated	1.0	as_written	all	false	Common	Legendary	true	https://www.reddit.com/r/DnD/comments/792zen/d100_interesting_curses/
curse:reddit-interesting:090	Interesting Curse 090	The PCs hand's tense up, and are stuck in a fist until the curse is removed.	unrated	1.0	as_written	all	false	Common	Legendary	true	https://www.reddit.com/r/DnD/comments/792zen/d100_interesting_curses/
curse:reddit-interesting:091	Interesting Curse 091	The character's left and right hands, and/or left and right feet switch sides until the curse is lifted.	unrated	1.0	as_written	all	false	Common	Legendary	true	https://www.reddit.com/r/DnD/comments/792zen/d100_interesting_curses/
curse:reddit-interesting:092	Interesting Curse 092	This curse hardens all food this character tries to eat like stone, unless they have the correct eating utensil to eat it. (ie They need a spoon to eat soup, a fork to eat pie, a knife to cut meat, etc).	unrated	1.0	as_written	all	false	Common	Legendary	true	https://www.reddit.com/r/DnD/comments/792zen/d100_interesting_curses/
curse:reddit-interesting:093	Interesting Curse 093	The player believes that their mentor/parent has just died.	unrated	1.0	as_written	all	false	Common	Legendary	true	https://www.reddit.com/r/DnD/comments/792zen/d100_interesting_curses/
curse:reddit-interesting:094	Interesting Curse 094	The player receives at least one false vision from their deity a day.	unrated	1.0	as_written	all	false	Common	Legendary	true	https://www.reddit.com/r/DnD/comments/792zen/d100_interesting_curses/
curse:reddit-interesting:095	Interesting Curse 095	The cursed player can no longer fail the expectations of those they come across. (For example, if an NPC learns the player's name and they believe their name to be elfish, they will become an elf. If they expect that he is a weakling due to rumors they have heard of him losing an important fight, the player looses some of his strength. If they thought he would be taller, the character would become taller, etc...)	unrated	1.0	as_written	all	false	Common	Legendary	true	https://www.reddit.com/r/DnD/comments/792zen/d100_interesting_curses/
curse:reddit-interesting:096	Interesting Curse 096	The player is cursed to look down at the ground; they can no longer make eye contact with others, unless they are able to look down on them...	unrated	1.0	as_written	all	false	Common	Legendary	true	https://www.reddit.com/r/DnD/comments/792zen/d100_interesting_curses/
curse:reddit-interesting:097	Interesting Curse 097	Until this player's curse is lifted, as long as they wear shoes/boots, they will feel as if their feet are walking on burning hot coals.	unrated	1.0	as_written	all	false	Common	Legendary	true	https://www.reddit.com/r/DnD/comments/792zen/d100_interesting_curses/
curse:reddit-interesting:098	Interesting Curse 098	This player has been cursed to be afraid of the sun.	unrated	1.0	as_written	all	false	Common	Legendary	true	https://www.reddit.com/r/DnD/comments/792zen/d100_interesting_curses/
curse:reddit-interesting:099	Interesting Curse 099	This curse makes the player compelled to hug all characters they come across, even if it would be inappropriate or awkward.	unrated	1.0	as_written	all	false	Common	Legendary	true	https://www.reddit.com/r/DnD/comments/792zen/d100_interesting_curses/
curse:reddit-interesting:100	Interesting Curse 100	This curse makes the character forcibly say gibberish every time they cast a spell.	unrated	1.0	as_written	all	false	Common	Legendary	true	https://www.reddit.com/r/DnD/comments/792zen/d100_interesting_curses/
